﻿ID,이름,속성,속성id,평점 증가,수입 증가 (계산대로 축적) 1분당,해제 최소 평점,구매 수단,가격
ACC01,평범한 조명,내추럴,SET01,2,4,50,코인,6000
ACC02,모던한 조명,모던,SET02,4,12,200,코인,15000
ACC03,빈티지 번호판,빈티지,SET03,8,20,400,코인,45000
ACC04,화려한 등불,전통적,SET04,16,30,1000,코인,100000
ACC05,전통적인 등불,전통적,SET04,180,40,1800,코인,220000
ACC06,바캉스 조명,트로피컬,SET05,210,50,2500,코인,350000
ACC07,오싹 오싹 촛불,럭셔리,SET06,250,65,3200,코인,450000
ACC08,푹신 푹신 조명,코지,SET07,300,80,4000,코인,600000
