﻿ID,이름,속성,속성id,평점 증가,수입 한도,해제 최소 평점,구매 수단,가격
COUNTER01,평범한 계산대,내추럴,SET01,0,10000,0,코인,7500
COUNTER02,모던한 계산대,모던,SET02,5,25000,130,코인,23000
COUNTER03,빈티지 계산대,빈티지,SET03,10,40000,260,코인,85000
COUNTER04,화려한 계산대,전통적,SET04,50,50000,440,코인,160000
COUNTER05,전통적인 계산대,전통적,SET04,80,75000,590,코인,320000
COUNTER06,바캉스 계산대,트로피컬,SET05,100,10000,820,코인,440000
COUNTER07,오싹 오싹 계산대,럭셔리,SET06,120,13000,2500,코인,570000
COUNTER08,푹신 푹신 계산대,코지,SET07,140,17000,4500,코인,800000
