﻿ID,이름,속성,속성id,평점 증가,수입 증가 (계산대로 축적) 1분당,해제 최소 평점,구매 수단,가격
FLOWER01,평범한 화분,내추럴,SET01,5,2,0,코인,3000
FLOWER02,모던한 화분,모던,SET02,15,4,100,코인,10000
FLOWER03,빈티지 화분,빈티지,SET03,30,12,220,코인,45000
FLOWER04,화려한 화분,전통적,SET04,50,20,500,코인,100000
FLOWER05,전통적인 화분,전통적,SET04,150,30,700,코인,200000
FLOWER06,바캉스 화분,트로피컬,SET05,180,40,1000,코인,300000
FLOWER07,오싹 오싹 화분,럭셔리,SET06,210,50,1800,코인,400000
FLOWER08,푹신 푹신 화분,코지,SET07,250,65,2500,코인,550000
