﻿ID,이름,속성,속성id,평점 증가,수입 증가 (계산대로 축적) 1분당,해제 최소 평점,구매 수단,가격
FRAME01,평범한 액자,내추럴,SET01,5,3,0,코인,6000
FRAME02,모던한 액자,모던,SET02,10,5,110,코인,17000
FRAME03,빈티지 포스터,빈티지,SET03,20,8,230,코인,45000
FRAME04,화려한 족자,전통적,SET04,40,12,520,코인,100000
FRAME05,전통적인 족자,전통적,SET04,70,18,750,코인,200000
FRAME06,바캉스 액자,트로피컬,SET05,120,25,1100,코인,300000
FRAME07,오싹 오싹 액자,럭셔리,SET06,170,32,1900,코인,400000
FRAME08,푹신 푹신 액자,코지,SET07,230,40,2700,코인,550000
