﻿ID,이름,속성,속성id,평점 증가,수입 증가 (계산대로 축적) 1분당,해제 최소 평점,구매 수단,가격
RACK01,평범한 선반,내추럴,SET01,5,2,0,코인,3000
RACK02,모던한 선반,모던,SET02,15,4,100,코인,10000
RACK03,빈티지 선반,빈티지,SET03,30,12,220,코인,45000
RACK04,화려한 선반,전통적,SET04,50,20,500,코인,100000
RACK05,전통적인 선반,전통적,SET04,150,30,700,코인,200000
RACK06,바캉스 선반,트로피컬,SET05,180,40,1000,코인,300000
RACK07,오싹 오싹 선반,럭셔리,SET06,210,50,1800,코인,400000
RACK08,푹신 푹신 선반,코지,SET07,250,65,2500,코인,550000
