﻿ID,이름,속성,속성id,평점 증가,수입증가 (계산대로 축적) 1분당,해제 최소 평점,구매 수단,가격
WALLPAPER01,평범한 벽지,내추럴,SET01,0,4,0,코인,0
WALLPAPER02,모던한 벽지,모던,SET02,15,7,150,코인,16000
WALLPAPER03,빈티지 벽지,빈티지,SET03,30,11,350,코인,70000
WALLPAPER04,화려한 벽지,전통적,SET04,50,12,550,코인,140000
WALLPAPER05,전통적인 벽지,전통적,SET04,100,16,800,코인,280000
WALLPAPER06,바캉스 벽지,트로피컬,SET05,120,20,1100,코인,400000
WALLPAPER07,오싹 오싹 벽지,럭셔리,SET06,140,25,2000,코인,530000
WALLPAPER08,푹신 푹신 벽지,코지,SET07,180,30,3000,코인,700000
